img_id;link;url
1657018390134.jpg;IM_bjbtEFSUNSPe7sx;https://maastrichtuniversity.eu.qualtrics.com/ControlPanel/Graphic.php?IM=IM_bjbtEFSUNSPe7sx
1657020905336.jpg;IM_28wskqXlSMMPQXp;https://maastrichtuniversity.eu.qualtrics.com/ControlPanel/Graphic.php?IM=IM_28wskqXlSMMPQXp
1657021207543.jpg;IM_E2jrfcz4c5sAhsh;https://maastrichtuniversity.eu.qualtrics.com/ControlPanel/Graphic.php?IM=IM_E2jrfcz4c5sAhsh
1657021233229.jpg;IM_HHNmgrAXk1V44UN;https://maastrichtuniversity.eu.qualtrics.com/ControlPanel/Graphic.php?IM=IM_HHNmgrAXk1V44UN
1657021902965.jpg;IM_FNcG72mwXbuN5zn;https://maastrichtuniversity.eu.qualtrics.com/ControlPanel/Graphic.php?IM=IM_FNcG72mwXbuN5zn
1657024284697.jpg;IM_VnRcTjCKmvyouaV;https://maastrichtuniversity.eu.qualtrics.com/ControlPanel/Graphic.php?IM=IM_VnRcTjCKmvyouaV
1657106539348.jpg;IM_g0FHMsh03IFdF2O;https://maastrichtuniversity.eu.qualtrics.com/ControlPanel/Graphic.php?IM=IM_g0FHMsh03IFdF2O
1657106555792.jpg;IM_fUCQTkCxcK6MNfH;https://maastrichtuniversity.eu.qualtrics.com/ControlPanel/Graphic.php?IM=IM_fUCQTkCxcK6MNfH
1657106827847.jpg;IM_mMMKVvkPz6UmMcj;https://maastrichtuniversity.eu.qualtrics.com/ControlPanel/Graphic.php?IM=IM_mMMKVvkPz6UmMcj
1657190579344.jpg;IM_FDFXbzGuGfwiuMr;https://maastrichtuniversity.eu.qualtrics.com/ControlPanel/Graphic.php?IM=IM_FDFXbzGuGfwiuMr
1657532307294.jpg;IM_DhJlbW3iiID0MPQ;https://maastrichtuniversity.eu.qualtrics.com/ControlPanel/Graphic.php?IM=IM_DhJlbW3iiID0MPQ
1657711763919.jpg;IM_317hnAP5Okozw4Z;https://maastrichtuniversity.eu.qualtrics.com/ControlPanel/Graphic.php?IM=IM_317hnAP5Okozw4Z
1657712504159.jpg;IM_F1z4FWlQ1aD74SC;https://maastrichtuniversity.eu.qualtrics.com/ControlPanel/Graphic.php?IM=IM_F1z4FWlQ1aD74SC
1657712560410.jpg;IM_YV9ceb6cGzkWwSv;https://maastrichtuniversity.eu.qualtrics.com/ControlPanel/Graphic.php?IM=IM_YV9ceb6cGzkWwSv
1657712957049.jpg;IM_KkYGalVbgxUEyM9;https://maastrichtuniversity.eu.qualtrics.com/ControlPanel/Graphic.php?IM=IM_KkYGalVbgxUEyM9
1657875470963.jpg;IM_qGr3tuHY6Qqc7bA;https://maastrichtuniversity.eu.qualtrics.com/ControlPanel/Graphic.php?IM=IM_qGr3tuHY6Qqc7bA
1657889375557.jpg;IM_E4Z05zLdHx7ulcj;https://maastrichtuniversity.eu.qualtrics.com/ControlPanel/Graphic.php?IM=IM_E4Z05zLdHx7ulcj
1657890190633.jpg;IM_1zYz6utFOiHcgl2;https://maastrichtuniversity.eu.qualtrics.com/ControlPanel/Graphic.php?IM=IM_1zYz6utFOiHcgl2
1658214507837.jpg;IM_otqhvNHS5vEyMEG;https://maastrichtuniversity.eu.qualtrics.com/ControlPanel/Graphic.php?IM=IM_otqhvNHS5vEyMEG
1658215021130.jpg;IM_ixkWT72uxkIlFYk;https://maastrichtuniversity.eu.qualtrics.com/ControlPanel/Graphic.php?IM=IM_ixkWT72uxkIlFYk
1658321597806.jpg;IM_foQ3hHpt1uURimW;https://maastrichtuniversity.eu.qualtrics.com/ControlPanel/Graphic.php?IM=IM_foQ3hHpt1uURimW
1658322256710.jpg;IM_eJpZw8crcrp4Eyo;https://maastrichtuniversity.eu.qualtrics.com/ControlPanel/Graphic.php?IM=IM_eJpZw8crcrp4Eyo
1658332414582.jpg;IM_ldI5TjvrEavD3A6;https://maastrichtuniversity.eu.qualtrics.com/ControlPanel/Graphic.php?IM=IM_ldI5TjvrEavD3A6
1658332595376.jpg;IM_tsN3tdeBVDN5zTT;https://maastrichtuniversity.eu.qualtrics.com/ControlPanel/Graphic.php?IM=IM_tsN3tdeBVDN5zTT
1658736136129.jpg;IM_NsbuiofSojyMj3o;https://maastrichtuniversity.eu.qualtrics.com/ControlPanel/Graphic.php?IM=IM_NsbuiofSojyMj3o
1658736822451.jpg;IM_ocUqo3cNhA2myPf;https://maastrichtuniversity.eu.qualtrics.com/ControlPanel/Graphic.php?IM=IM_ocUqo3cNhA2myPf
1658737313663.jpg;IM_V6V6iDH3eEN1sJS;https://maastrichtuniversity.eu.qualtrics.com/ControlPanel/Graphic.php?IM=IM_V6V6iDH3eEN1sJS
1658743422026.jpg;IM_YXmcaDAvbxZYsWh;https://maastrichtuniversity.eu.qualtrics.com/ControlPanel/Graphic.php?IM=IM_YXmcaDAvbxZYsWh
1658743925878.jpg;IM_7MLQ15tAldIMWCI;https://maastrichtuniversity.eu.qualtrics.com/ControlPanel/Graphic.php?IM=IM_7MLQ15tAldIMWCI
1658743988133.jpg;IM_mBDV9EwK2FAVBrT;https://maastrichtuniversity.eu.qualtrics.com/ControlPanel/Graphic.php?IM=IM_mBDV9EwK2FAVBrT
1658744089899.jpg;IM_jPnqcMV9aTLhiQ2;https://maastrichtuniversity.eu.qualtrics.com/ControlPanel/Graphic.php?IM=IM_jPnqcMV9aTLhiQ2
1658744663079.jpg;IM_NhQLtYUim3J3XJw;https://maastrichtuniversity.eu.qualtrics.com/ControlPanel/Graphic.php?IM=IM_NhQLtYUim3J3XJw
1658745030556.jpg;IM_KgTA88fv87QAE3r;https://maastrichtuniversity.eu.qualtrics.com/ControlPanel/Graphic.php?IM=IM_KgTA88fv87QAE3r
1658760534237.jpg;IM_irWv0p8q6NovTqu;https://maastrichtuniversity.eu.qualtrics.com/ControlPanel/Graphic.php?IM=IM_irWv0p8q6NovTqu
1658761396723.jpg;IM_yFSqXXKg70NhoxT;https://maastrichtuniversity.eu.qualtrics.com/ControlPanel/Graphic.php?IM=IM_yFSqXXKg70NhoxT
1658823335059.jpg;IM_YNNLYZtBkgINs0V;https://maastrichtuniversity.eu.qualtrics.com/ControlPanel/Graphic.php?IM=IM_YNNLYZtBkgINs0V
1658824425545.jpg;IM_nMaikqs6Ptf4coi;https://maastrichtuniversity.eu.qualtrics.com/ControlPanel/Graphic.php?IM=IM_nMaikqs6Ptf4coi
1658825211370.jpg;IM_1TJWRAGco4oTOky;https://maastrichtuniversity.eu.qualtrics.com/ControlPanel/Graphic.php?IM=IM_1TJWRAGco4oTOky
1658916484762.jpg;IM_r3VBk1jPmQputlA;https://maastrichtuniversity.eu.qualtrics.com/ControlPanel/Graphic.php?IM=IM_r3VBk1jPmQputlA
1658918012431.jpg;IM_9k7YON2sdnTzbkk;https://maastrichtuniversity.eu.qualtrics.com/ControlPanel/Graphic.php?IM=IM_9k7YON2sdnTzbkk
1658920039903.jpg;IM_T19DllChYUw99xb;https://maastrichtuniversity.eu.qualtrics.com/ControlPanel/Graphic.php?IM=IM_T19DllChYUw99xb
1658920114255.jpg;IM_OsItggGz0DuihGg;https://maastrichtuniversity.eu.qualtrics.com/ControlPanel/Graphic.php?IM=IM_OsItggGz0DuihGg
1658931813642.jpg;IM_8wXCEGWTYnSyxze;https://maastrichtuniversity.eu.qualtrics.com/ControlPanel/Graphic.php?IM=IM_8wXCEGWTYnSyxze
1658999382572.jpg;IM_X4Qa4McO9MzGe6e;https://maastrichtuniversity.eu.qualtrics.com/ControlPanel/Graphic.php?IM=IM_X4Qa4McO9MzGe6e
1659087654686.jpg;IM_ylCogweZVIieRp7;https://maastrichtuniversity.eu.qualtrics.com/ControlPanel/Graphic.php?IM=IM_ylCogweZVIieRp7
1659343489396.jpg;IM_PHDTuQa3MdyYMzz;https://maastrichtuniversity.eu.qualtrics.com/ControlPanel/Graphic.php?IM=IM_PHDTuQa3MdyYMzz
1659343512455.jpg;IM_RW1utDOrDu1JQvF;https://maastrichtuniversity.eu.qualtrics.com/ControlPanel/Graphic.php?IM=IM_RW1utDOrDu1JQvF
1659344377651.jpg;IM_e7RaNe14hTyHHGO;https://maastrichtuniversity.eu.qualtrics.com/ControlPanel/Graphic.php?IM=IM_e7RaNe14hTyHHGO
1659344568121.jpg;IM_GnTWUuRt68FX0oP;https://maastrichtuniversity.eu.qualtrics.com/ControlPanel/Graphic.php?IM=IM_GnTWUuRt68FX0oP
1659349394446.jpg;IM_1ylFZPvKqwPJuxQ;https://maastrichtuniversity.eu.qualtrics.com/ControlPanel/Graphic.php?IM=IM_1ylFZPvKqwPJuxQ
1659350080008.jpg;IM_Xa28Fg4yNDsjlpR;https://maastrichtuniversity.eu.qualtrics.com/ControlPanel/Graphic.php?IM=IM_Xa28Fg4yNDsjlpR
1659427380200.jpg;IM_G3PDkAJvKXXv4Ph;https://maastrichtuniversity.eu.qualtrics.com/ControlPanel/Graphic.php?IM=IM_G3PDkAJvKXXv4Ph
1659614090245.jpg;IM_nJzSpPkxo6DkL0P;https://maastrichtuniversity.eu.qualtrics.com/ControlPanel/Graphic.php?IM=IM_nJzSpPkxo6DkL0P
1659696448808.jpg;IM_wizcsGWNDpRvlWQ;https://maastrichtuniversity.eu.qualtrics.com/ControlPanel/Graphic.php?IM=IM_wizcsGWNDpRvlWQ
1659697081347.jpg;IM_V3yteL7099xmTqt;https://maastrichtuniversity.eu.qualtrics.com/ControlPanel/Graphic.php?IM=IM_V3yteL7099xmTqt
1659697902993.jpg;IM_byGsHW3vpFbdWTf;https://maastrichtuniversity.eu.qualtrics.com/ControlPanel/Graphic.php?IM=IM_byGsHW3vpFbdWTf
1659699125192.jpg;IM_jLBQvkJpaf3XbRO;https://maastrichtuniversity.eu.qualtrics.com/ControlPanel/Graphic.php?IM=IM_jLBQvkJpaf3XbRO
1660032284521.jpg;IM_9Rvod482VBKfA1t;https://maastrichtuniversity.eu.qualtrics.com/ControlPanel/Graphic.php?IM=IM_9Rvod482VBKfA1t
1660046515413.jpg;IM_y7AD3hzHgNKBHQr;https://maastrichtuniversity.eu.qualtrics.com/ControlPanel/Graphic.php?IM=IM_y7AD3hzHgNKBHQr
1660046651654.jpg;IM_q6bL6uU6eqtyJZE;https://maastrichtuniversity.eu.qualtrics.com/ControlPanel/Graphic.php?IM=IM_q6bL6uU6eqtyJZE
1660130119774.jpg;IM_pqDZzc8NM3Bbvx8;https://maastrichtuniversity.eu.qualtrics.com/ControlPanel/Graphic.php?IM=IM_pqDZzc8NM3Bbvx8
1660134504902.jpg;IM_ia5tBvLPSHsEgf2;https://maastrichtuniversity.eu.qualtrics.com/ControlPanel/Graphic.php?IM=IM_ia5tBvLPSHsEgf2
1660135313919.jpg;IM_i86wShrLWpq1Uq3;https://maastrichtuniversity.eu.qualtrics.com/ControlPanel/Graphic.php?IM=IM_i86wShrLWpq1Uq3
1660135979838.jpg;IM_8SzWY21IRogKpYA;https://maastrichtuniversity.eu.qualtrics.com/ControlPanel/Graphic.php?IM=IM_8SzWY21IRogKpYA
1660214522632.jpg;IM_VFWepCgrwV5mRLG;https://maastrichtuniversity.eu.qualtrics.com/ControlPanel/Graphic.php?IM=IM_VFWepCgrwV5mRLG
1660292404180.jpg;IM_Jrwa7h2TZ33LU3K;https://maastrichtuniversity.eu.qualtrics.com/ControlPanel/Graphic.php?IM=IM_Jrwa7h2TZ33LU3K
1660825595353.jpg;IM_9NvSmb85UGTS9QX;https://maastrichtuniversity.eu.qualtrics.com/ControlPanel/Graphic.php?IM=IM_9NvSmb85UGTS9QX
1660825903929.jpg;IM_riS0NILr96wVj8Y;https://maastrichtuniversity.eu.qualtrics.com/ControlPanel/Graphic.php?IM=IM_riS0NILr96wVj8Y
1660825916833.jpg;IM_jIht5EnTVQxdr39;https://maastrichtuniversity.eu.qualtrics.com/ControlPanel/Graphic.php?IM=IM_jIht5EnTVQxdr39
1661158782877.jpg;IM_2I9evyGZUC9hhyr;https://maastrichtuniversity.eu.qualtrics.com/ControlPanel/Graphic.php?IM=IM_2I9evyGZUC9hhyr
1661159431465.jpg;IM_rt5nrCJL3sb00tw;https://maastrichtuniversity.eu.qualtrics.com/ControlPanel/Graphic.php?IM=IM_rt5nrCJL3sb00tw
1661165617409.jpg;IM_fNSiNQ7P75w20NA;https://maastrichtuniversity.eu.qualtrics.com/ControlPanel/Graphic.php?IM=IM_fNSiNQ7P75w20NA
1661167818251.jpg;IM_tr8DpTLwVfU1Dgc;https://maastrichtuniversity.eu.qualtrics.com/ControlPanel/Graphic.php?IM=IM_tr8DpTLwVfU1Dgc
1661174666119.jpg;IM_eLMlUpvGruNTf1j;https://maastrichtuniversity.eu.qualtrics.com/ControlPanel/Graphic.php?IM=IM_eLMlUpvGruNTf1j
1661250993701.jpg;IM_mcOoWEDfhQsmPuo;https://maastrichtuniversity.eu.qualtrics.com/ControlPanel/Graphic.php?IM=IM_mcOoWEDfhQsmPuo
1661251238333.jpg;IM_FUhFYoaUSfsb31r;https://maastrichtuniversity.eu.qualtrics.com/ControlPanel/Graphic.php?IM=IM_FUhFYoaUSfsb31r
1661332896626.jpg;IM_kqPVuNKvxlGqB9s;https://maastrichtuniversity.eu.qualtrics.com/ControlPanel/Graphic.php?IM=IM_kqPVuNKvxlGqB9s
1661332976768.jpg;IM_FPXUln11vRV8N9v;https://maastrichtuniversity.eu.qualtrics.com/ControlPanel/Graphic.php?IM=IM_FPXUln11vRV8N9v
1661512910341.jpg;IM_ukJWtDibdArhLaO;https://maastrichtuniversity.eu.qualtrics.com/ControlPanel/Graphic.php?IM=IM_ukJWtDibdArhLaO
1662020108472.jpg;IM_pPE4VjgEftfdZX1;https://maastrichtuniversity.eu.qualtrics.com/ControlPanel/Graphic.php?IM=IM_pPE4VjgEftfdZX1
1662026136403.jpg;IM_aV7lcp7p7EMK2o7;https://maastrichtuniversity.eu.qualtrics.com/ControlPanel/Graphic.php?IM=IM_aV7lcp7p7EMK2o7
1662371418187.jpg;IM_YeXWXV3gG7DniuR;https://maastrichtuniversity.eu.qualtrics.com/ControlPanel/Graphic.php?IM=IM_YeXWXV3gG7DniuR
1662371745727.jpg;IM_jot1FjZUu3nhFyg;https://maastrichtuniversity.eu.qualtrics.com/ControlPanel/Graphic.php?IM=IM_jot1FjZUu3nhFyg
1663059799855.jpg;IM_cr9ZU9cZYsomrvw;https://maastrichtuniversity.eu.qualtrics.com/ControlPanel/Graphic.php?IM=IM_cr9ZU9cZYsomrvw
1663063566465.jpg;IM_bOeIsYE5f7m4XuC;https://maastrichtuniversity.eu.qualtrics.com/ControlPanel/Graphic.php?IM=IM_bOeIsYE5f7m4XuC
1663070401186.jpg;IM_RKwrE6fS1JyUh5B;https://maastrichtuniversity.eu.qualtrics.com/ControlPanel/Graphic.php?IM=IM_RKwrE6fS1JyUh5B
1663072313013.jpg;IM_KA9OA0iQgGxUb3G;https://maastrichtuniversity.eu.qualtrics.com/ControlPanel/Graphic.php?IM=IM_KA9OA0iQgGxUb3G
1663072360909.jpg;IM_ACZlzVHFUUae5RL;https://maastrichtuniversity.eu.qualtrics.com/ControlPanel/Graphic.php?IM=IM_ACZlzVHFUUae5RL
1663072962898.jpg;IM_3hXlr9c1CmYtVTs;https://maastrichtuniversity.eu.qualtrics.com/ControlPanel/Graphic.php?IM=IM_3hXlr9c1CmYtVTs
1663577987798.jpg;IM_cUFE2b0ezyzoJZk;https://maastrichtuniversity.eu.qualtrics.com/ControlPanel/Graphic.php?IM=IM_cUFE2b0ezyzoJZk
1663586667138.jpg;IM_GlC7NPKjkEzdzZM;https://maastrichtuniversity.eu.qualtrics.com/ControlPanel/Graphic.php?IM=IM_GlC7NPKjkEzdzZM
1663663086433.jpg;IM_MQOccjQxXr1zidg;https://maastrichtuniversity.eu.qualtrics.com/ControlPanel/Graphic.php?IM=IM_MQOccjQxXr1zidg
1663663103008.jpg;IM_Bc5hbCT4XqSPl2C;https://maastrichtuniversity.eu.qualtrics.com/ControlPanel/Graphic.php?IM=IM_Bc5hbCT4XqSPl2C
1663665814403.jpg;IM_129fMf4x075Fely;https://maastrichtuniversity.eu.qualtrics.com/ControlPanel/Graphic.php?IM=IM_129fMf4x075Fely
1663666181956.jpg;IM_YZ2QZiUTyQWgjFv;https://maastrichtuniversity.eu.qualtrics.com/ControlPanel/Graphic.php?IM=IM_YZ2QZiUTyQWgjFv
1663666191676.jpg;IM_EzLwgYFf1144ZfN;https://maastrichtuniversity.eu.qualtrics.com/ControlPanel/Graphic.php?IM=IM_EzLwgYFf1144ZfN
1663673301800.jpg;IM_5hO6lrpt4ksR3UB;https://maastrichtuniversity.eu.qualtrics.com/ControlPanel/Graphic.php?IM=IM_5hO6lrpt4ksR3UB
1663674185585.jpg;IM_O6ANQ9Giu874BOc;https://maastrichtuniversity.eu.qualtrics.com/ControlPanel/Graphic.php?IM=IM_O6ANQ9Giu874BOc
1663674622758.jpg;IM_YzomobEzmlnoGxQ;https://maastrichtuniversity.eu.qualtrics.com/ControlPanel/Graphic.php?IM=IM_YzomobEzmlnoGxQ
1663850245981.jpg;IM_WIUXmEftONvOD2U;https://maastrichtuniversity.eu.qualtrics.com/ControlPanel/Graphic.php?IM=IM_WIUXmEftONvOD2U
